/*

DROP TABLE TN_OPENAPI_EXCUTE_HISTORY CASCADE;
DROP TABLE TN_OPENAPI_INFO CASCADE;
DROP TABLE LETTCCMMNCLCODE CASCADE;
DROP TABLE LETTCCMMNCODE CASCADE;
DROP TABLE LETTCCMMNDETAILCODE CASCADE;
DROP TABLE LETTNGNRLMBER CASCADE;
DROP TABLE LETTNEMPLYRINFO CASCADE;
DROP TABLE LETTNENTRPRSMBER CASCADE;
DROP TABLE tn_get_wanted_worknet_list CASCADE;
DROP TABLE tn_get_wanted_worknet_detail CASCADE;
DROP TABLE SAMPLE CASCADE;
DROP TABLE IDS CASCADE;

 */

CREATE TABLE SAMPLE(ID VARCHAR(16) NOT NULL PRIMARY KEY,NAME VARCHAR(50),DESCRIPTION VARCHAR(100),USE_YN CHAR(1),REG_USER VARCHAR(10));
CREATE TABLE IDS(TABLE_NAME VARCHAR(16) NOT NULL PRIMARY KEY,NEXT_ID DECIMAL(30) NOT NULL);

CREATE TABLE TN_OPENAPI_INFO (
OPENAPI_ID character varying(20) NOT NULL ,
CATEGORY character varying(10) NOT NULL ,
SOURCE_IS character varying(100) ,
URL character varying(500),
PORT character varying(10),
API_KEY character varying(150) ,
USED_YN character(1),
CREATE_DATE timestamp DEFAULT NOW(),
CREATE_USER character varying(30)
);

CREATE TABLE LETTCCMMNCLCODE (
  CL_CODE char(3) NOT NULL,
  CL_CODE_NM varchar(180) ,
  CL_CODE_DC varchar(600) ,
  USE_AT char(1) ,
  FRST_REGIST_PNTTM timestamp DEFAULT NULL ,
  FRST_REGISTER_ID varchar(60) ,
  LAST_UPDT_PNTTM timestamp DEFAULT NULL ,
  LAST_UPDUSR_ID varchar(60) ,
  CONSTRAINT LETTCCMMNCLCODE_PK PRIMARY KEY (CL_CODE)
) ;

CREATE TABLE LETTCCMMNCODE (
  CODE_ID varchar(18) NOT NULL,
  CODE_ID_NM varchar(180) ,
  CODE_ID_DC varchar(600) ,
  USE_AT char(1) ,
  CL_CODE char(3) ,
  FRST_REGIST_PNTTM timestamp DEFAULT NULL ,
  FRST_REGISTER_ID varchar(60) ,
  LAST_UPDT_PNTTM timestamp DEFAULT NULL ,
  LAST_UPDUSR_ID varchar(60) ,
  CONSTRAINT LETTCCMMNCODE_PK PRIMARY KEY (CODE_ID)
) ;

CREATE TABLE LETTCCMMNDETAILCODE (
  CODE_ID varchar(18) NOT NULL,
  CODE varchar(45) NOT NULL,
  CODE_NM varchar(180) ,
  CODE_DC varchar(600) ,
  USE_AT char(1) ,
  FRST_REGIST_PNTTM timestamp DEFAULT NULL ,
  FRST_REGISTER_ID varchar(60) ,
  LAST_UPDT_PNTTM timestamp DEFAULT NULL ,
  LAST_UPDUSR_ID varchar(60) ,
  CONSTRAINT LETTCCMMNDETAILCODE_PK PRIMARY KEY (CODE_ID,CODE)
) ;

CREATE TABLE LETTNGNRLMBER (
  MBER_ID varchar(60) DEFAULT '' NOT NULL,
  PASSWORD varchar(600) NOT NULL,
  PASSWORD_HINT varchar(300) ,
  PASSWORD_CNSR varchar(300) ,
  IHIDNUM varchar(39) ,
  MBER_NM varchar(150) NOT NULL,
  ZIP varchar(18) ,
  ADRES varchar(300) ,
  AREA_NO varchar(12) ,
  MBER_STTUS varchar(45) ,
  DETAIL_ADRES varchar(300) ,
  END_TELNO varchar(12) ,
  MBTLNUM varchar(60) ,
  GROUP_ID char(20) ,
  MBER_FXNUM varchar(60) ,
  MBER_EMAIL_ADRES varchar(150) ,
  MIDDLE_TELNO varchar(12) ,
  SBSCRB_DE timestamp DEFAULT NULL ,
  SEXDSTN_CODE char(1) ,
  ESNTL_ID char(20) NOT NULL,
  CONSTRAINT LETTNGNRLMBER_PK PRIMARY KEY (MBER_ID)
) ;

CREATE TABLE LETTNEMPLYRINFO (
  EMPLYR_ID varchar(60) NOT NULL,
  ORGNZT_ID char(20) ,
  USER_NM varchar(180) NOT NULL,
  PASSWORD varchar(600) NOT NULL,
  EMPL_NO varchar(60) ,
  IHIDNUM varchar(39) ,
  SEXDSTN_CODE char(1) ,
  BRTHDY char(20) ,
  FXNUM varchar(60) ,
  HOUSE_ADRES varchar(300) ,
  PASSWORD_HINT varchar(300) NOT NULL,
  PASSWORD_CNSR varchar(300) NOT NULL,
  HOUSE_END_TELNO varchar(12) ,
  AREA_NO varchar(12) ,
  DETAIL_ADRES varchar(300) ,
  ZIP varchar(18) ,
  OFFM_TELNO varchar(60) ,
  MBTLNUM varchar(60) ,
  EMAIL_ADRES varchar(150) ,
  OFCPS_NM varchar(180) ,
  HOUSE_MIDDLE_TELNO varchar(12) ,
  GROUP_ID char(20) ,
  PSTINST_CODE char(8) ,
  EMPLYR_STTUS_CODE varchar(45) NOT NULL,
  ESNTL_ID char(20) NOT NULL,
  CRTFC_DN_VALUE varchar(60) ,
  SBSCRB_DE timestamp DEFAULT NULL ,
  CONSTRAINT LETTNEMPLYRINFO_PK PRIMARY KEY (EMPLYR_ID)
) ;

CREATE TABLE LETTNENTRPRSMBER (
  ENTRPRS_MBER_ID varchar(60) DEFAULT '' NOT NULL,
  ENTRPRS_SE_CODE char(15) ,
  BIZRNO varchar(30) ,
  JURIRNO varchar(39) ,
  CMPNY_NM varchar(180) NOT NULL,
  CXFC varchar(150) ,
  ZIP varchar(18) ,
  ADRES varchar(300) ,
  ENTRPRS_MIDDLE_TELNO varchar(12) ,
  FXNUM varchar(60) ,
  INDUTY_CODE char(15) ,
  APPLCNT_NM varchar(150) ,
  APPLCNT_IHIDNUM varchar(39) ,
  SBSCRB_DE timestamp DEFAULT NULL ,
  ENTRPRS_MBER_STTUS varchar(45) ,
  ENTRPRS_MBER_PASSWORD varchar(600) NOT NULL,
  ENTRPRS_MBER_PASSWORD_HINT varchar(300) NOT NULL,
  ENTRPRS_MBER_PASSWORD_CNSR varchar(300) NOT NULL,
  GROUP_ID char(20) ,
  DETAIL_ADRES varchar(300) ,
  ENTRPRS_END_TELNO varchar(12) ,
  AREA_NO varchar(12) ,
  APPLCNT_EMAIL_ADRES varchar(150) ,
  ESNTL_ID char(20) NOT NULL,
  CONSTRAINT LETTNENTRPRSMBER_PK PRIMARY KEY (ENTRPRS_MBER_ID)
) ;

CREATE OR REPLACE VIEW COMVNUSERMASTER ( ESNTL_ID,USER_ID,PASSWORD,USER_NM,USER_ZIP,USER_ADRES,USER_EMAIL,GROUP_ID, USER_SE, ORGNZT_ID ) 
AS  
        SELECT ESNTL_ID, MBER_ID,PASSWORD,MBER_NM,ZIP,ADRES,MBER_EMAIL_ADRES,' ','GNR' AS USER_SE, ' ' ORGNZT_ID
        FROM LETTNGNRLMBER
    UNION ALL
        SELECT ESNTL_ID,EMPLYR_ID,PASSWORD,USER_NM,ZIP,HOUSE_ADRES,EMAIL_ADRES,GROUP_ID ,'USR' AS USER_SE, ORGNZT_ID
        FROM LETTNEMPLYRINFO
    UNION ALL
        SELECT ESNTL_ID,ENTRPRS_MBER_ID,ENTRPRS_MBER_PASSWORD,CMPNY_NM,ZIP,ADRES,APPLCNT_EMAIL_ADRES,' ' ,'ENT' AS USER_SE, ' ' ORGNZT_ID
        FROM LETTNENTRPRSMBER 
;

CREATE TABLE tn_get_wanted_worknet_list ( 

wantedauthno character varying(20) NOT NULL ,
company character varying(100)  ,
busino character varying(13)  ,
title character varying(200)  ,
saltpnm character varying(20)  ,
sal character varying(50)  ,
region character varying(100)  ,
holidaytpnm character varying(50)  ,
minedubg character varying(20)  ,
maxedubg character varying(20)  ,
career character varying(100)  ,
regdt character varying(10)  ,
closedt character varying(50)  ,
infosvc character varying(50)  ,
wantedinfourl character varying(500)  ,
zipcd character varying(10)  ,
strtnmcd character varying(200)  ,
basicaddr character varying(200)  ,
detailaddr character varying(200) 
);
CREATE TABLE tn_get_wanted_worknet_detail ( 

wantedauthno character varying(20) NOT NULL ,
corpnm character varying(200)  ,
repernm character varying(100)  ,
totpsncnt character varying(200)  ,
capitalamt character varying(200)  ,
yrsalesamt character varying(200)  ,
indtpcdnm character varying(200)  ,
busicont character varying(1000)  ,
corpaddr character varying(200)  ,
homepg character varying(200)  ,
busisize character varying(200)  ,
jobsnm character varying(200)  ,
wantedtitle character varying(200)  ,
reljobsnm character varying(200)  ,
jobcont character varying(1000)  ,
receiptclosedt character varying(8)  ,
emptpnm character varying(200)  ,
collectpsncnt character varying(200)  ,
saltpnm character varying(200)  ,
entertpnm character varying(200)  ,
edunm character varying(100)  ,
forlang character varying(200)  ,
major character varying(200)  ,
certificate character varying(500)  ,
mltsvcexchope character varying(200)  ,
compabl character varying(1000)  ,
pfcond character varying(300)  ,
etcpfcond character varying(1000)  ,
selmthd character varying(200)  ,
rcptmthd character varying(500)  ,
submitdoc character varying(500)  ,
etchopecont character varying(4000)  ,
workregion character varying(200)  ,
indarea character varying(200)  ,
nearline character varying(500)  ,
workdayworkhrcont character varying(500)  ,
fourins character varying(500)  ,
retirepay character varying(500)  ,
etcwelfare character varying(500)  ,
disablecvntl character varying(500)  ,
empchargerdpt character varying(500)  ,
contacttelno character varying(20)  ,
chargerfaxno character varying(20) 
);





/* ====================================================================================================================================================================== */

COMMENT ON TABLE TN_OPENAPI_INFO IS 'OpenAPI등록정보' ;

COMMENT ON COLUMN TN_OPENAPI_INFO.OPENAPI_ID  IS '등록ID' ;
COMMENT ON COLUMN TN_OPENAPI_INFO.CATEGORY  IS '카테고리' ;
COMMENT ON COLUMN TN_OPENAPI_INFO.SOURCE_IS IS '출처' ;
COMMENT ON COLUMN TN_OPENAPI_INFO.URL IS '접속URL' ;
COMMENT ON COLUMN TN_OPENAPI_INFO.PORT IS '접속Port' ;
COMMENT ON COLUMN TN_OPENAPI_INFO.API_KEY IS '접속승인키' ;
COMMENT ON COLUMN TN_OPENAPI_INFO.USED_YN IS '사용여부' ;
COMMENT ON COLUMN TN_OPENAPI_INFO.CREATE_DATE IS '생성일자' ;
COMMENT ON COLUMN TN_OPENAPI_INFO.CREATE_USER IS '생성자' ;

COMMENT ON TABLE tn_get_wanted_worknet_list IS '워크넷_구인_목록_수집' ;

COMMENT ON COLUMN tn_get_wanted_worknet_list.wantedauthno IS '구인인증번호' ;
COMMENT ON COLUMN tn_get_wanted_worknet_list.company IS '회사명' ;
COMMENT ON COLUMN tn_get_wanted_worknet_list.busino IS '사업자등록번호' ;
COMMENT ON COLUMN tn_get_wanted_worknet_list.title IS '채용제목' ;
COMMENT ON COLUMN tn_get_wanted_worknet_list.saltpnm IS '임금형태' ;
COMMENT ON COLUMN tn_get_wanted_worknet_list.sal IS '급여' ;
COMMENT ON COLUMN tn_get_wanted_worknet_list.region IS '근무지역' ;
COMMENT ON COLUMN tn_get_wanted_worknet_list.holidaytpnm IS '근무형태' ;
COMMENT ON COLUMN tn_get_wanted_worknet_list.minedubg IS '최소학력' ;
COMMENT ON COLUMN tn_get_wanted_worknet_list.maxedubg IS '최대학력' ;
COMMENT ON COLUMN tn_get_wanted_worknet_list.career IS '경력' ;
COMMENT ON COLUMN tn_get_wanted_worknet_list.regdt IS '등록일자' ;
COMMENT ON COLUMN tn_get_wanted_worknet_list.closedt IS '마감일자' ;
COMMENT ON COLUMN tn_get_wanted_worknet_list.infosvc IS '정보제공처' ;
COMMENT ON COLUMN tn_get_wanted_worknet_list.wantedinfourl IS '잡로봇 채용정보URL' ;
COMMENT ON COLUMN tn_get_wanted_worknet_list.zipcd IS '근무지 우편주소' ;
COMMENT ON COLUMN tn_get_wanted_worknet_list.strtnmcd IS '근무지 도로명주소' ;
COMMENT ON COLUMN tn_get_wanted_worknet_list.basicaddr IS '근무지 기본주소' ;
COMMENT ON COLUMN tn_get_wanted_worknet_list.detailaddr IS '근무지 상세주소' ;

COMMENT ON TABLE tn_get_wanted_worknet_detail IS '워크넷_구인_상세_수집' ;

COMMENT ON COLUMN tn_get_wanted_worknet_detail.wantedauthno IS '구인인증번호' ;
COMMENT ON COLUMN tn_get_wanted_worknet_detail.corpnm IS '회사명' ;
COMMENT ON COLUMN tn_get_wanted_worknet_detail.repernm IS '대표자명' ;
COMMENT ON COLUMN tn_get_wanted_worknet_detail.totpsncnt IS '근로자수' ;
COMMENT ON COLUMN tn_get_wanted_worknet_detail.capitalamt IS '자본금' ;
COMMENT ON COLUMN tn_get_wanted_worknet_detail.yrsalesamt IS '연매출액' ;
COMMENT ON COLUMN tn_get_wanted_worknet_detail.indtpcdnm IS '업종' ;
COMMENT ON COLUMN tn_get_wanted_worknet_detail.busicont IS '주요사업내용' ;
COMMENT ON COLUMN tn_get_wanted_worknet_detail.corpaddr IS '회사주소' ;
COMMENT ON COLUMN tn_get_wanted_worknet_detail.homepg IS '회사홈페이지' ;
COMMENT ON COLUMN tn_get_wanted_worknet_detail.busisize IS '회사규모' ;
COMMENT ON COLUMN tn_get_wanted_worknet_detail.jobsnm IS '모집집종' ;
COMMENT ON COLUMN tn_get_wanted_worknet_detail.wantedtitle IS '구인제목' ;
COMMENT ON COLUMN tn_get_wanted_worknet_detail.reljobsnm IS '관련직종' ;
COMMENT ON COLUMN tn_get_wanted_worknet_detail.jobcont IS '직무내용' ;
COMMENT ON COLUMN tn_get_wanted_worknet_detail.receiptclosedt IS '접수마감일' ;
COMMENT ON COLUMN tn_get_wanted_worknet_detail.emptpnm IS '고용형태' ;
COMMENT ON COLUMN tn_get_wanted_worknet_detail.collectpsncnt IS '모집인원' ;
COMMENT ON COLUMN tn_get_wanted_worknet_detail.saltpnm IS '임금조건' ;
COMMENT ON COLUMN tn_get_wanted_worknet_detail.entertpnm IS '경력조건' ;
COMMENT ON COLUMN tn_get_wanted_worknet_detail.edunm IS '학력' ;
COMMENT ON COLUMN tn_get_wanted_worknet_detail.forlang IS '외국어' ;
COMMENT ON COLUMN tn_get_wanted_worknet_detail.major IS '전공' ;
COMMENT ON COLUMN tn_get_wanted_worknet_detail.certificate IS '자격면허' ;
COMMENT ON COLUMN tn_get_wanted_worknet_detail.mltsvcexchope IS '병역특례채용희망' ;
COMMENT ON COLUMN tn_get_wanted_worknet_detail.compabl IS '컴퓨터활용능력' ;
COMMENT ON COLUMN tn_get_wanted_worknet_detail.pfcond IS '우대조건' ;
COMMENT ON COLUMN tn_get_wanted_worknet_detail.etcpfcond IS '기타우대조건' ;
COMMENT ON COLUMN tn_get_wanted_worknet_detail.selmthd IS '전형방법' ;
COMMENT ON COLUMN tn_get_wanted_worknet_detail.rcptmthd IS '접수방법' ;
COMMENT ON COLUMN tn_get_wanted_worknet_detail.submitdoc IS '제출서류준비물' ;
COMMENT ON COLUMN tn_get_wanted_worknet_detail.etchopecont IS '기타안내' ;
COMMENT ON COLUMN tn_get_wanted_worknet_detail.workregion IS '근무예정지' ;
COMMENT ON COLUMN tn_get_wanted_worknet_detail.indarea IS '소속산업단지' ;
COMMENT ON COLUMN tn_get_wanted_worknet_detail.nearline IS '인근전철역' ;
COMMENT ON COLUMN tn_get_wanted_worknet_detail.workdayworkhrcont IS '근무시간/형태' ;
COMMENT ON COLUMN tn_get_wanted_worknet_detail.fourins IS '연금4대 보험' ;
COMMENT ON COLUMN tn_get_wanted_worknet_detail.retirepay IS '퇴직금' ;
COMMENT ON COLUMN tn_get_wanted_worknet_detail.etcwelfare IS '기타복리후생' ;
COMMENT ON COLUMN tn_get_wanted_worknet_detail.disablecvntl IS '장애인편의시설' ;
COMMENT ON COLUMN tn_get_wanted_worknet_detail.empchargerdpt IS '채용부서' ;
COMMENT ON COLUMN tn_get_wanted_worknet_detail.contacttelno IS '전화번호' ;
COMMENT ON COLUMN tn_get_wanted_worknet_detail.chargerfaxno IS '팩스번호' ;


-- ================================================================================
-- sample
INSERT INTO SAMPLE VALUES('SAMPLE-00001','Runtime Environment','Foundation Layer','Y','eGov');
INSERT INTO SAMPLE VALUES('SAMPLE-00002','Runtime Environment','Persistence Layer','Y','eGov');
INSERT INTO SAMPLE VALUES('SAMPLE-00003','Runtime Environment','Presentation Layer','Y','eGov');
INSERT INTO SAMPLE VALUES('SAMPLE-00004','Runtime Environment','Business Layer','Y','eGov');
INSERT INTO SAMPLE VALUES('SAMPLE-00005','Runtime Environment','Batch Layer','Y','eGov');
INSERT INTO SAMPLE VALUES('SAMPLE-00006','Runtime Environment','Integration Layer','Y','eGov');
INSERT INTO SAMPLE VALUES('SAMPLE-00007','Runtime Environment','Integration Layer','Y','eGov');
INSERT INTO SAMPLE VALUES('SAMPLE-00008','Runtime Environment','Integration Layer','Y','eGov');
INSERT INTO SAMPLE VALUES('SAMPLE-00009','Runtime Environment','Integration Layer','Y','eGov');
INSERT INTO SAMPLE VALUES('SAMPLE-00010','Runtime Environment','Integration Layer','Y','eGov');
INSERT INTO SAMPLE VALUES('SAMPLE-00011','Runtime Environment','Integration Layer','Y','eGov');

INSERT INTO IDS VALUES('SAMPLE',115);
INSERT INTO IDS VALUES('API_ID',100);

-- 분류코드
INSERT INTO LETTCCMMNCLCODE(CL_CODE,CL_CODE_NM,CL_CODE_DC,USE_AT,FRST_REGIST_PNTTM,FRST_REGISTER_ID,LAST_UPDT_PNTTM,LAST_UPDUSR_ID) VALUES ('LET','전자정부 프레임워크 경량환경 템플릿','전자정부 프레임워크 경량환경 템플릿1','Y',now(),'SYSTEM',now(),'SYSTEM');


-- 공통코드
INSERT INTO LETTCCMMNCODE(CODE_ID,CODE_ID_NM,CODE_ID_DC,USE_AT,CL_CODE,FRST_REGIST_PNTTM,FRST_REGISTER_ID,LAST_UPDT_PNTTM,LAST_UPDUSR_ID) VALUES ('COM001','등록구분','게시판, 커뮤니티, 동호회 등록구분코드1','Y','LET',now(),'SYSTEM',now(),'SYSTEM');
INSERT INTO LETTCCMMNCODE(CODE_ID,CODE_ID_NM,CODE_ID_DC,USE_AT,CL_CODE,FRST_REGIST_PNTTM,FRST_REGISTER_ID,LAST_UPDT_PNTTM,LAST_UPDUSR_ID) VALUES ('COM003','업무구분','업무구분코드','Y','LET',now(),'SYSTEM',now(),'SYSTEM');
INSERT INTO LETTCCMMNCODE(CODE_ID,CODE_ID_NM,CODE_ID_DC,USE_AT,CL_CODE,FRST_REGIST_PNTTM,FRST_REGISTER_ID,LAST_UPDT_PNTTM,LAST_UPDUSR_ID) VALUES ('COM004','게시판유형','게시판유형구분코드','Y','LET',now(),'SYSTEM',now(),'SYSTEM');
INSERT INTO LETTCCMMNCODE(CODE_ID,CODE_ID_NM,CODE_ID_DC,USE_AT,CL_CODE,FRST_REGIST_PNTTM,FRST_REGISTER_ID,LAST_UPDT_PNTTM,LAST_UPDUSR_ID) VALUES ('COM005','템플릿유형','템플릿유형구분코드','Y','LET',now(),'SYSTEM',now(),'SYSTEM');
INSERT INTO LETTCCMMNCODE(CODE_ID,CODE_ID_NM,CODE_ID_DC,USE_AT,CL_CODE,FRST_REGIST_PNTTM,FRST_REGISTER_ID,LAST_UPDT_PNTTM,LAST_UPDUSR_ID) VALUES ('COM009','게시판속성','게시판 속성','Y','LET',now(),'SYSTEM',now(),'SYSTEM');
INSERT INTO LETTCCMMNCODE(CODE_ID,CODE_ID_NM,CODE_ID_DC,USE_AT,CL_CODE,FRST_REGIST_PNTTM,FRST_REGISTER_ID,LAST_UPDT_PNTTM,LAST_UPDUSR_ID) VALUES ('COM013','회원상태','회원 가입 신청/승인/삭제를 위한 상태 구분','Y','LET',now(),'SYSTEM',now(),'SYSTEM');
INSERT INTO LETTCCMMNCODE(CODE_ID,CODE_ID_NM,CODE_ID_DC,USE_AT,CL_CODE,FRST_REGIST_PNTTM,FRST_REGISTER_ID,LAST_UPDT_PNTTM,LAST_UPDUSR_ID) VALUES ('COM014','성별구분','남녀 성별 구분','Y','LET',now(),'SYSTEM',now(),'SYSTEM');
INSERT INTO LETTCCMMNCODE(CODE_ID,CODE_ID_NM,CODE_ID_DC,USE_AT,CL_CODE,FRST_REGIST_PNTTM,FRST_REGISTER_ID,LAST_UPDT_PNTTM,LAST_UPDUSR_ID) VALUES ('COM022','비밀번호 힌트','비밀번호 힌트 구분코드','Y','LET',now(),'SYSTEM',now(),'SYSTEM');
INSERT INTO LETTCCMMNCODE(CODE_ID,CODE_ID_NM,CODE_ID_DC,USE_AT,CL_CODE,FRST_REGIST_PNTTM,FRST_REGISTER_ID,LAST_UPDT_PNTTM,LAST_UPDUSR_ID) VALUES ('COM025','소속기관','소속기관정보를 관리할때 사용하는 구분코드(시스템별로 재정의)','Y','LET',now(),'SYSTEM',now(),'SYSTEM');
INSERT INTO LETTCCMMNCODE(CODE_ID,CODE_ID_NM,CODE_ID_DC,USE_AT,CL_CODE,FRST_REGIST_PNTTM,FRST_REGISTER_ID,LAST_UPDT_PNTTM,LAST_UPDUSR_ID) VALUES ('COM029','롤유형코드','','Y','LET',now(),'SYSTEM',now(),'SYSTEM');
-- 추가자료생성
INSERT INTO LETTCCMMNCODE(CODE_ID,CODE_ID_NM,CODE_ID_DC,USE_AT,CL_CODE,FRST_REGIST_PNTTM,FRST_REGISTER_ID,LAST_UPDT_PNTTM,LAST_UPDUSR_ID) VALUES ('COM030','수급자료','수급자료목록','Y','LET',now(),'SYSTEM',now(),'SYSTEM');
INSERT INTO LETTCCMMNCODE(CODE_ID,CODE_ID_NM,CODE_ID_DC,USE_AT,CL_CODE,FRST_REGIST_PNTTM,FRST_REGISTER_ID,LAST_UPDT_PNTTM,LAST_UPDUSR_ID) VALUES ('COM031','OpenAPI','OpenAPI목록','Y','LET',now(),'SYSTEM',now(),'SYSTEM');


-- 공통상세코드
INSERT INTO LETTCCMMNDETAILCODE(CODE_ID,CODE,CODE_NM,CODE_DC,USE_AT,FRST_REGIST_PNTTM,FRST_REGISTER_ID,LAST_UPDT_PNTTM,LAST_UPDUSR_ID) VALUES ('COM001','REGC01','단일 게시판 이용등록','단일 게시판 이용등록','Y',now(),'SYSTEM',now(),'SYSTEM');
INSERT INTO LETTCCMMNDETAILCODE(CODE_ID,CODE,CODE_NM,CODE_DC,USE_AT,FRST_REGIST_PNTTM,FRST_REGISTER_ID,LAST_UPDT_PNTTM,LAST_UPDUSR_ID) VALUES ('COM001','REGC07','게시판사용자등록','게시판사용자등록','Y',now(),'SYSTEM',now(),'SYSTEM');
INSERT INTO LETTCCMMNDETAILCODE(CODE_ID,CODE,CODE_NM,CODE_DC,USE_AT,FRST_REGIST_PNTTM,FRST_REGISTER_ID,LAST_UPDT_PNTTM,LAST_UPDUSR_ID) VALUES ('COM003','BBS','게시판','게시판','Y',now(),'SYSTEM',now(),'SYSTEM');
INSERT INTO LETTCCMMNDETAILCODE(CODE_ID,CODE,CODE_NM,CODE_DC,USE_AT,FRST_REGIST_PNTTM,FRST_REGISTER_ID,LAST_UPDT_PNTTM,LAST_UPDUSR_ID) VALUES ('COM004','BBST01','일반게시판','일반게시판','Y',now(),'SYSTEM',now(),'SYSTEM');
INSERT INTO LETTCCMMNDETAILCODE(CODE_ID,CODE,CODE_NM,CODE_DC,USE_AT,FRST_REGIST_PNTTM,FRST_REGISTER_ID,LAST_UPDT_PNTTM,LAST_UPDUSR_ID) VALUES ('COM004','BBST02','익명게시판','익명게시판','N',now(),'SYSTEM',now(),'SYSTEM');
INSERT INTO LETTCCMMNDETAILCODE(CODE_ID,CODE,CODE_NM,CODE_DC,USE_AT,FRST_REGIST_PNTTM,FRST_REGISTER_ID,LAST_UPDT_PNTTM,LAST_UPDUSR_ID) VALUES ('COM004','BBST03','공지게시판','공지게시판','Y',now(),'SYSTEM',now(),'SYSTEM');
INSERT INTO LETTCCMMNDETAILCODE(CODE_ID,CODE,CODE_NM,CODE_DC,USE_AT,FRST_REGIST_PNTTM,FRST_REGISTER_ID,LAST_UPDT_PNTTM,LAST_UPDUSR_ID) VALUES ('COM005','TMPT01','게시판템플릿','게시판템플릿','Y',now(),'SYSTEM',now(),'SYSTEM');
INSERT INTO LETTCCMMNDETAILCODE(CODE_ID,CODE,CODE_NM,CODE_DC,USE_AT,FRST_REGIST_PNTTM,FRST_REGISTER_ID,LAST_UPDT_PNTTM,LAST_UPDUSR_ID) VALUES ('COM009','BBSA01','유효게시판','유효게시판','N',now(),'SYSTEM',now(),'SYSTEM');
INSERT INTO LETTCCMMNDETAILCODE(CODE_ID,CODE,CODE_NM,CODE_DC,USE_AT,FRST_REGIST_PNTTM,FRST_REGISTER_ID,LAST_UPDT_PNTTM,LAST_UPDUSR_ID) VALUES ('COM009','BBSA02','갤러리','갤러리','Y',now(),'SYSTEM',now(),'SYSTEM');
INSERT INTO LETTCCMMNDETAILCODE(CODE_ID,CODE,CODE_NM,CODE_DC,USE_AT,FRST_REGIST_PNTTM,FRST_REGISTER_ID,LAST_UPDT_PNTTM,LAST_UPDUSR_ID) VALUES ('COM009','BBSA03','일반게시판','일반게시판','Y',now(),'SYSTEM',now(),'SYSTEM');
INSERT INTO LETTCCMMNDETAILCODE(CODE_ID,CODE,CODE_NM,CODE_DC,USE_AT,FRST_REGIST_PNTTM,FRST_REGISTER_ID,LAST_UPDT_PNTTM,LAST_UPDUSR_ID) VALUES ('COM013','A','회원 가입 신청 상태','회원 가입 신청 상태','Y',now(),'SYSTEM',now(),'SYSTEM');
INSERT INTO LETTCCMMNDETAILCODE(CODE_ID,CODE,CODE_NM,CODE_DC,USE_AT,FRST_REGIST_PNTTM,FRST_REGISTER_ID,LAST_UPDT_PNTTM,LAST_UPDUSR_ID) VALUES ('COM013','D','회원 가입 삭제 상태','회원 가입 삭제 상태','Y',now(),'SYSTEM',now(),'SYSTEM');
INSERT INTO LETTCCMMNDETAILCODE(CODE_ID,CODE,CODE_NM,CODE_DC,USE_AT,FRST_REGIST_PNTTM,FRST_REGISTER_ID,LAST_UPDT_PNTTM,LAST_UPDUSR_ID) VALUES ('COM013','P','회원 가입 승인 상태','회원 가입 승인 상태','Y',now(),'SYSTEM',now(),'SYSTEM');
INSERT INTO LETTCCMMNDETAILCODE(CODE_ID,CODE,CODE_NM,CODE_DC,USE_AT,FRST_REGIST_PNTTM,FRST_REGISTER_ID,LAST_UPDT_PNTTM,LAST_UPDUSR_ID) VALUES ('COM014','F','여자','여자','Y',now(),'SYSTEM',now(),'SYSTEM');
INSERT INTO LETTCCMMNDETAILCODE(CODE_ID,CODE,CODE_NM,CODE_DC,USE_AT,FRST_REGIST_PNTTM,FRST_REGISTER_ID,LAST_UPDT_PNTTM,LAST_UPDUSR_ID) VALUES ('COM014','M','남자','남자','Y',now(),'SYSTEM',now(),'SYSTEM');
INSERT INTO LETTCCMMNDETAILCODE(CODE_ID,CODE,CODE_NM,CODE_DC,USE_AT,FRST_REGIST_PNTTM,FRST_REGISTER_ID,LAST_UPDT_PNTTM,LAST_UPDUSR_ID) VALUES ('COM022',' P01','가장 기억에 남는 장소는?','가장 기억에 남는 장소는?','Y',now(),'SYSTEM',now(),'SYSTEM');
INSERT INTO LETTCCMMNDETAILCODE(CODE_ID,CODE,CODE_NM,CODE_DC,USE_AT,FRST_REGIST_PNTTM,FRST_REGISTER_ID,LAST_UPDT_PNTTM,LAST_UPDUSR_ID) VALUES ('COM022',' P02','나의 좌우명은?','나의 좌우명은?','Y',now(),'SYSTEM',now(),'SYSTEM');
INSERT INTO LETTCCMMNDETAILCODE(CODE_ID,CODE,CODE_NM,CODE_DC,USE_AT,FRST_REGIST_PNTTM,FRST_REGISTER_ID,LAST_UPDT_PNTTM,LAST_UPDUSR_ID) VALUES ('COM022',' P03','나의 보물 제1호는?','나의 보물 제1호는?','Y',now(),'SYSTEM',now(),'SYSTEM');
INSERT INTO LETTCCMMNDETAILCODE(CODE_ID,CODE,CODE_NM,CODE_DC,USE_AT,FRST_REGIST_PNTTM,FRST_REGISTER_ID,LAST_UPDT_PNTTM,LAST_UPDUSR_ID) VALUES ('COM022',' P04','가장 기억에 남는 선생님 성함은?','가장 기억에 남는 선생님 성함은?','Y',now(),'SYSTEM',now(),'SYSTEM');
INSERT INTO LETTCCMMNDETAILCODE(CODE_ID,CODE,CODE_NM,CODE_DC,USE_AT,FRST_REGIST_PNTTM,FRST_REGISTER_ID,LAST_UPDT_PNTTM,LAST_UPDUSR_ID) VALUES ('COM022',' P05','다른 사람은 모르는 나만의 신체비밀은?','다른 사람은 모르는 나만의 신체비밀은?','Y',now(),'SYSTEM',now(),'SYSTEM');
INSERT INTO LETTCCMMNDETAILCODE(CODE_ID,CODE,CODE_NM,CODE_DC,USE_AT,FRST_REGIST_PNTTM,FRST_REGISTER_ID,LAST_UPDT_PNTTM,LAST_UPDUSR_ID) VALUES ('COM025','00000001','공공기관','공공기관','Y',now(),'SYSTEM',now(),'SYSTEM');
INSERT INTO LETTCCMMNDETAILCODE(CODE_ID,CODE,CODE_NM,CODE_DC,USE_AT,FRST_REGIST_PNTTM,FRST_REGISTER_ID,LAST_UPDT_PNTTM,LAST_UPDUSR_ID) VALUES ('COM025','00000002','금융기관','금융기관','Y',now(),'SYSTEM',now(),'SYSTEM');
INSERT INTO LETTCCMMNDETAILCODE(CODE_ID,CODE,CODE_NM,CODE_DC,USE_AT,FRST_REGIST_PNTTM,FRST_REGISTER_ID,LAST_UPDT_PNTTM,LAST_UPDUSR_ID) VALUES ('COM025','00000003','교육기관','교육기관','Y',now(),'SYSTEM',now(),'SYSTEM');
INSERT INTO LETTCCMMNDETAILCODE(CODE_ID,CODE,CODE_NM,CODE_DC,USE_AT,FRST_REGIST_PNTTM,FRST_REGISTER_ID,LAST_UPDT_PNTTM,LAST_UPDUSR_ID) VALUES ('COM025','00000004','의료기관','의료기관','Y',now(),'SYSTEM',now(),'SYSTEM');
INSERT INTO LETTCCMMNDETAILCODE(CODE_ID,CODE,CODE_NM,CODE_DC,USE_AT,FRST_REGIST_PNTTM,FRST_REGISTER_ID,LAST_UPDT_PNTTM,LAST_UPDUSR_ID) VALUES ('COM029','url','URL','URL','Y',now(),'SYSTEM',now(),'SYSTEM');
--추가자료생성
INSERT INTO LETTCCMMNDETAILCODE(CODE_ID,CODE,CODE_NM,CODE_DC,USE_AT,FRST_REGIST_PNTTM,FRST_REGISTER_ID,LAST_UPDT_PNTTM,LAST_UPDUSR_ID) VALUES ('COM030','LFP01','인구동향조사_혼인','인구동향조사_혼인','Y',now(),'SYSTEM',now(),'SYSTEM');
INSERT INTO LETTCCMMNDETAILCODE(CODE_ID,CODE,CODE_NM,CODE_DC,USE_AT,FRST_REGIST_PNTTM,FRST_REGISTER_ID,LAST_UPDT_PNTTM,LAST_UPDUSR_ID) VALUES ('COM030','LFP02','인구동향조사_출생','인구동향조사_출생','Y',now(),'SYSTEM',now(),'SYSTEM');
INSERT INTO LETTCCMMNDETAILCODE(CODE_ID,CODE,CODE_NM,CODE_DC,USE_AT,FRST_REGIST_PNTTM,FRST_REGISTER_ID,LAST_UPDT_PNTTM,LAST_UPDUSR_ID) VALUES ('COM030','LFP03','국내인구이동통계_성별연령별이동자수','국내인구이동통계_성별연령별이동자수','Y',now(),'SYSTEM',now(),'SYSTEM');
INSERT INTO LETTCCMMNDETAILCODE(CODE_ID,CODE,CODE_NM,CODE_DC,USE_AT,FRST_REGIST_PNTTM,FRST_REGISTER_ID,LAST_UPDT_PNTTM,LAST_UPDUSR_ID) VALUES ('COM030','LFP04','국내인구이동통계_이동규모별이동자수','국내인구이동통계_이동규모별이동자수','Y',now(),'SYSTEM',now(),'SYSTEM');
INSERT INTO LETTCCMMNDETAILCODE(CODE_ID,CODE,CODE_NM,CODE_DC,USE_AT,FRST_REGIST_PNTTM,FRST_REGISTER_ID,LAST_UPDT_PNTTM,LAST_UPDUSR_ID) VALUES ('COM030','LFP05','주민등록인구통계_세대원수별세대수','주민등록인구통계_세대원수별세대수','Y',now(),'SYSTEM',now(),'SYSTEM');
INSERT INTO LETTCCMMNDETAILCODE(CODE_ID,CODE,CODE_NM,CODE_DC,USE_AT,FRST_REGIST_PNTTM,FRST_REGISTER_ID,LAST_UPDT_PNTTM,LAST_UPDUSR_ID) VALUES ('COM030','LFP06','주민등록인구통계_성연령별인구현황','주민등록인구통계_성연령별인구현황','Y',now(),'SYSTEM',now(),'SYSTEM');
INSERT INTO LETTCCMMNDETAILCODE(CODE_ID,CODE,CODE_NM,CODE_DC,USE_AT,FRST_REGIST_PNTTM,FRST_REGISTER_ID,LAST_UPDT_PNTTM,LAST_UPDUSR_ID) VALUES ('COM030','LFP07','주민등록인구통계_주민등록인구및세대현황','주민등록인구통계_주민등록인구및세대현황','Y',now(),'SYSTEM',now(),'SYSTEM');
INSERT INTO LETTCCMMNDETAILCODE(CODE_ID,CODE,CODE_NM,CODE_DC,USE_AT,FRST_REGIST_PNTTM,FRST_REGISTER_ID,LAST_UPDT_PNTTM,LAST_UPDUSR_ID) VALUES ('COM030','LFP08','주민등록인구통계_읍면동별출생자수','주민등록인구통계_읍면동별출생자수','Y',now(),'SYSTEM',now(),'SYSTEM');
INSERT INTO LETTCCMMNDETAILCODE(CODE_ID,CODE,CODE_NM,CODE_DC,USE_AT,FRST_REGIST_PNTTM,FRST_REGISTER_ID,LAST_UPDT_PNTTM,LAST_UPDUSR_ID) VALUES ('COM030','LFP09','사업체조사','사업체조사','Y',now(),'SYSTEM',now(),'SYSTEM');
INSERT INTO LETTCCMMNDETAILCODE(CODE_ID,CODE,CODE_NM,CODE_DC,USE_AT,FRST_REGIST_PNTTM,FRST_REGISTER_ID,LAST_UPDT_PNTTM,LAST_UPDUSR_ID) VALUES ('COM030','LFP10','경기도사회조사','경기도사회조사','Y',now(),'SYSTEM',now(),'SYSTEM');
INSERT INTO LETTCCMMNDETAILCODE(CODE_ID,CODE,CODE_NM,CODE_DC,USE_AT,FRST_REGIST_PNTTM,FRST_REGISTER_ID,LAST_UPDT_PNTTM,LAST_UPDUSR_ID) VALUES ('COM030','LFP11','등록외국인지역별현황','등록외국인지역별현황','Y',now(),'SYSTEM',now(),'SYSTEM');
INSERT INTO LETTCCMMNDETAILCODE(CODE_ID,CODE,CODE_NM,CODE_DC,USE_AT,FRST_REGIST_PNTTM,FRST_REGISTER_ID,LAST_UPDT_PNTTM,LAST_UPDUSR_ID) VALUES ('COM030','LFP12','국민의배우자지역별현황','국민의배우자지역별현황','Y',now(),'SYSTEM',now(),'SYSTEM');
INSERT INTO LETTCCMMNDETAILCODE(CODE_ID,CODE,CODE_NM,CODE_DC,USE_AT,FRST_REGIST_PNTTM,FRST_REGISTER_ID,LAST_UPDT_PNTTM,LAST_UPDUSR_ID) VALUES ('COM030','LFP13','경기도시군정보','경기도시군정보','Y',now(),'SYSTEM',now(),'SYSTEM');
INSERT INTO LETTCCMMNDETAILCODE(CODE_ID,CODE,CODE_NM,CODE_DC,USE_AT,FRST_REGIST_PNTTM,FRST_REGISTER_ID,LAST_UPDT_PNTTM,LAST_UPDUSR_ID) VALUES ('COM030','LFP14','아파트정보','아파트정보','Y',now(),'SYSTEM',now(),'SYSTEM');
INSERT INTO LETTCCMMNDETAILCODE(CODE_ID,CODE,CODE_NM,CODE_DC,USE_AT,FRST_REGIST_PNTTM,FRST_REGISTER_ID,LAST_UPDT_PNTTM,LAST_UPDUSR_ID) VALUES ('COM030','LFP15','국공립/사립어린이집정보','국공립/사립어린이집정보','Y',now(),'SYSTEM',now(),'SYSTEM');
INSERT INTO LETTCCMMNDETAILCODE(CODE_ID,CODE,CODE_NM,CODE_DC,USE_AT,FRST_REGIST_PNTTM,FRST_REGISTER_ID,LAST_UPDT_PNTTM,LAST_UPDUSR_ID) VALUES ('COM030','LFP16','출산시설정보','출산시설정보','Y',now(),'SYSTEM',now(),'SYSTEM');
INSERT INTO LETTCCMMNDETAILCODE(CODE_ID,CODE,CODE_NM,CODE_DC,USE_AT,FRST_REGIST_PNTTM,FRST_REGISTER_ID,LAST_UPDT_PNTTM,LAST_UPDUSR_ID) VALUES ('COM030','LFP17','보육출산카드사용정보','보육출산카드사용정보','Y',now(),'SYSTEM',now(),'SYSTEM');
INSERT INTO LETTCCMMNDETAILCODE(CODE_ID,CODE,CODE_NM,CODE_DC,USE_AT,FRST_REGIST_PNTTM,FRST_REGISTER_ID,LAST_UPDT_PNTTM,LAST_UPDUSR_ID) VALUES ('COM030','LFP18','통신사유동인구데이터','통신사유동인구데이터','Y',now(),'SYSTEM',now(),'SYSTEM');
INSERT INTO LETTCCMMNDETAILCODE(CODE_ID,CODE,CODE_NM,CODE_DC,USE_AT,FRST_REGIST_PNTTM,FRST_REGISTER_ID,LAST_UPDT_PNTTM,LAST_UPDUSR_ID) VALUES ('COM031','API01','아파트 매매 실거래 자료','아파트매매 실거래 자료','Y',now(),'SYSTEM',now(),'SYSTEM');
INSERT INTO LETTCCMMNDETAILCODE(CODE_ID,CODE,CODE_NM,CODE_DC,USE_AT,FRST_REGIST_PNTTM,FRST_REGISTER_ID,LAST_UPDT_PNTTM,LAST_UPDUSR_ID) VALUES ('COM031','API02','연립/다세대 매매 실거래 자료','연립/다세대 매매 실거래자료','Y',now(),'SYSTEM',now(),'SYSTEM');
INSERT INTO LETTCCMMNDETAILCODE(CODE_ID,CODE,CODE_NM,CODE_DC,USE_AT,FRST_REGIST_PNTTM,FRST_REGISTER_ID,LAST_UPDT_PNTTM,LAST_UPDUSR_ID) VALUES ('COM031','API03','단독/다가구 매매 실거래 자료','단독/다가구 매매 실거래 자료','Y',now(),'SYSTEM',now(),'SYSTEM');
INSERT INTO LETTCCMMNDETAILCODE(CODE_ID,CODE,CODE_NM,CODE_DC,USE_AT,FRST_REGIST_PNTTM,FRST_REGISTER_ID,LAST_UPDT_PNTTM,LAST_UPDUSR_ID) VALUES ('COM031','API04','아파트 전월세 자료','아파트 전월세 자료','Y',now(),'SYSTEM',now(),'SYSTEM');
INSERT INTO LETTCCMMNDETAILCODE(CODE_ID,CODE,CODE_NM,CODE_DC,USE_AT,FRST_REGIST_PNTTM,FRST_REGISTER_ID,LAST_UPDT_PNTTM,LAST_UPDUSR_ID) VALUES ('COM031','API05','연립/다세대 전월세 자료','연립/다세대 전월세 자료','Y',now(),'SYSTEM',now(),'SYSTEM');
INSERT INTO LETTCCMMNDETAILCODE(CODE_ID,CODE,CODE_NM,CODE_DC,USE_AT,FRST_REGIST_PNTTM,FRST_REGISTER_ID,LAST_UPDT_PNTTM,LAST_UPDUSR_ID) VALUES ('COM031','API06','단독/다가구 전월세 자료','단독/다가구 전월세 자료','Y',now(),'SYSTEM',now(),'SYSTEM');
INSERT INTO LETTCCMMNDETAILCODE(CODE_ID,CODE,CODE_NM,CODE_DC,USE_AT,FRST_REGIST_PNTTM,FRST_REGISTER_ID,LAST_UPDT_PNTTM,LAST_UPDUSR_ID) VALUES ('COM031','API07','어린이집및유치원현황','어린이집및유치원현황','Y',now(),'SYSTEM',now(),'SYSTEM');
INSERT INTO LETTCCMMNDETAILCODE(CODE_ID,CODE,CODE_NM,CODE_DC,USE_AT,FRST_REGIST_PNTTM,FRST_REGISTER_ID,LAST_UPDT_PNTTM,LAST_UPDUSR_ID) VALUES ('COM031','API08','종합병원산부인과현황','종합병원산부인과현황','Y',now(),'SYSTEM',now(),'SYSTEM');
INSERT INTO LETTCCMMNDETAILCODE(CODE_ID,CODE,CODE_NM,CODE_DC,USE_AT,FRST_REGIST_PNTTM,FRST_REGISTER_ID,LAST_UPDT_PNTTM,LAST_UPDUSR_ID) VALUES ('COM031','API09','병원급산부인과현황','병원급산부인과현황','Y',now(),'SYSTEM',now(),'SYSTEM');
INSERT INTO LETTCCMMNDETAILCODE(CODE_ID,CODE,CODE_NM,CODE_DC,USE_AT,FRST_REGIST_PNTTM,FRST_REGISTER_ID,LAST_UPDT_PNTTM,LAST_UPDUSR_ID) VALUES ('COM031','API10','전문병원급산부인과현황','전문병원급산부인과현황','Y',now(),'SYSTEM',now(),'SYSTEM');
INSERT INTO LETTCCMMNDETAILCODE(CODE_ID,CODE,CODE_NM,CODE_DC,USE_AT,FRST_REGIST_PNTTM,FRST_REGISTER_ID,LAST_UPDT_PNTTM,LAST_UPDUSR_ID) VALUES ('COM031','API11','의원급산부인과현황','의원급산부인과현황','Y',now(),'SYSTEM',now(),'SYSTEM');
INSERT INTO LETTCCMMNDETAILCODE(CODE_ID,CODE,CODE_NM,CODE_DC,USE_AT,FRST_REGIST_PNTTM,FRST_REGISTER_ID,LAST_UPDT_PNTTM,LAST_UPDUSR_ID) VALUES ('COM031','API90','워크넷구직자료목록','워크넷구직자료목록','Y',now(),'SYSTEM',now(),'SYSTEM');
INSERT INTO LETTCCMMNDETAILCODE(CODE_ID,CODE,CODE_NM,CODE_DC,USE_AT,FRST_REGIST_PNTTM,FRST_REGISTER_ID,LAST_UPDT_PNTTM,LAST_UPDUSR_ID) VALUES ('COM031','API91','워크넷구직자료상세','워크넷구직자료상세','Y',now(),'SYSTEM',now(),'SYSTEM');
INSERT INTO LETTCCMMNDETAILCODE(CODE_ID,CODE,CODE_NM,CODE_DC,USE_AT,FRST_REGIST_PNTTM,FRST_REGISTER_ID,LAST_UPDT_PNTTM,LAST_UPDUSR_ID) VALUES ('COM031','API95','인크루트구직자료목록','인크루트구직자료목록','Y',now(),'SYSTEM',now(),'SYSTEM');
INSERT INTO LETTCCMMNDETAILCODE(CODE_ID,CODE,CODE_NM,CODE_DC,USE_AT,FRST_REGIST_PNTTM,FRST_REGISTER_ID,LAST_UPDT_PNTTM,LAST_UPDUSR_ID) VALUES ('COM031','API96','인크루트구직자료목록','인크루트구직자료목록','Y',now(),'SYSTEM',now(),'SYSTEM');
INSERT INTO LETTCCMMNDETAILCODE(CODE_ID,CODE,CODE_NM,CODE_DC,USE_AT,FRST_REGIST_PNTTM,FRST_REGISTER_ID,LAST_UPDT_PNTTM,LAST_UPDUSR_ID) VALUES ('COM031','I2001','종사자규모별소득현황','종사자규모별소득현황','Y',now(),'SYSTEM',now(),'SYSTEM');
INSERT INTO LETTCCMMNDETAILCODE(CODE_ID,CODE,CODE_NM,CODE_DC,USE_AT,FRST_REGIST_PNTTM,FRST_REGISTER_ID,LAST_UPDT_PNTTM,LAST_UPDUSR_ID) VALUES ('COM031','I2002','해당업종일자리추이','해당업종일자리추이','Y',now(),'SYSTEM',now(),'SYSTEM');
INSERT INTO LETTCCMMNDETAILCODE(CODE_ID,CODE,CODE_NM,CODE_DC,USE_AT,FRST_REGIST_PNTTM,FRST_REGISTER_ID,LAST_UPDT_PNTTM,LAST_UPDUSR_ID) VALUES ('COM031','I2003','업종별연령별평균소득현황','업종별연령별평균소득현황','Y',now(),'SYSTEM',now(),'SYSTEM');
INSERT INTO LETTCCMMNDETAILCODE(CODE_ID,CODE,CODE_NM,CODE_DC,USE_AT,FRST_REGIST_PNTTM,FRST_REGISTER_ID,LAST_UPDT_PNTTM,LAST_UPDUSR_ID) VALUES ('COM031','I2004','업종별연령별중위소득현황','업종별연령별중위소득현황','Y',now(),'SYSTEM',now(),'SYSTEM');
INSERT INTO LETTCCMMNDETAILCODE(CODE_ID,CODE,CODE_NM,CODE_DC,USE_AT,FRST_REGIST_PNTTM,FRST_REGISTER_ID,LAST_UPDT_PNTTM,LAST_UPDUSR_ID) VALUES ('COM031','I3101','행정구역(시군구)별 주민등록세대수','행정구역(시군구)별 주민등록세대수','Y',now(),'SYSTEM',now(),'SYSTEM');
INSERT INTO LETTCCMMNDETAILCODE(CODE_ID,CODE,CODE_NM,CODE_DC,USE_AT,FRST_REGIST_PNTTM,FRST_REGISTER_ID,LAST_UPDT_PNTTM,LAST_UPDUSR_ID) VALUES ('COM031','I3102','시군구별 이동자수','시군구별 이동자수','Y',now(),'SYSTEM',now(),'SYSTEM');
INSERT INTO LETTCCMMNDETAILCODE(CODE_ID,CODE,CODE_NM,CODE_DC,USE_AT,FRST_REGIST_PNTTM,FRST_REGISTER_ID,LAST_UPDT_PNTTM,LAST_UPDUSR_ID) VALUES ('COM031','I3103','전출지/전입지(시도)별 이동자수','전출지/전입지(시도)별 이동자수','Y',now(),'SYSTEM',now(),'SYSTEM');
INSERT INTO LETTCCMMNDETAILCODE(CODE_ID,CODE,CODE_NM,CODE_DC,USE_AT,FRST_REGIST_PNTTM,FRST_REGISTER_ID,LAST_UPDT_PNTTM,LAST_UPDUSR_ID) VALUES ('COM031','I3104','취업자수','취업자수','Y',now(),'SYSTEM',now(),'SYSTEM');
INSERT INTO LETTCCMMNDETAILCODE(CODE_ID,CODE,CODE_NM,CODE_DC,USE_AT,FRST_REGIST_PNTTM,FRST_REGISTER_ID,LAST_UPDT_PNTTM,LAST_UPDUSR_ID) VALUES ('COM031','I3105','행정구역(시도)/연령별 취업자','행정구역(시도)/연령별 취업자','Y',now(),'SYSTEM',now(),'SYSTEM');
INSERT INTO LETTCCMMNDETAILCODE(CODE_ID,CODE,CODE_NM,CODE_DC,USE_AT,FRST_REGIST_PNTTM,FRST_REGISTER_ID,LAST_UPDT_PNTTM,LAST_UPDUSR_ID) VALUES ('COM031','I3106','행정구역(시도)/교육정도별 취업자','행정구역(시도)/교육정도별 취업자','Y',now(),'SYSTEM',now(),'SYSTEM');
INSERT INTO LETTCCMMNDETAILCODE(CODE_ID,CODE,CODE_NM,CODE_DC,USE_AT,FRST_REGIST_PNTTM,FRST_REGISTER_ID,LAST_UPDT_PNTTM,LAST_UPDUSR_ID) VALUES ('COM031','I3107','행정구역(시도)/종사상지위별 취업자','행정구역(시도)/종사상지위별 취업자','Y',now(),'SYSTEM',now(),'SYSTEM');
INSERT INTO LETTCCMMNDETAILCODE(CODE_ID,CODE,CODE_NM,CODE_DC,USE_AT,FRST_REGIST_PNTTM,FRST_REGISTER_ID,LAST_UPDT_PNTTM,LAST_UPDUSR_ID) VALUES ('COM031','I3108','행정구역(시도)/취업시간별 취업자','행정구역(시도)/취업시간별 취업자','Y',now(),'SYSTEM',now(),'SYSTEM');
INSERT INTO LETTCCMMNDETAILCODE(CODE_ID,CODE,CODE_NM,CODE_DC,USE_AT,FRST_REGIST_PNTTM,FRST_REGISTER_ID,LAST_UPDT_PNTTM,LAST_UPDUSR_ID) VALUES ('COM031','I3109','행정구역(시도)/직업별 취업자','행정구역(시도)/직업별 취업자','Y',now(),'SYSTEM',now(),'SYSTEM');
INSERT INTO LETTCCMMNDETAILCODE(CODE_ID,CODE,CODE_NM,CODE_DC,USE_AT,FRST_REGIST_PNTTM,FRST_REGISTER_ID,LAST_UPDT_PNTTM,LAST_UPDUSR_ID) VALUES ('COM031','I3110','행정구역(시도)/산업별 취업자','행정구역(시도)/산업별 취업자','Y',now(),'SYSTEM',now(),'SYSTEM');
INSERT INTO LETTCCMMNDETAILCODE(CODE_ID,CODE,CODE_NM,CODE_DC,USE_AT,FRST_REGIST_PNTTM,FRST_REGISTER_ID,LAST_UPDT_PNTTM,LAST_UPDUSR_ID) VALUES ('COM031','I3111','고용률','고용률','Y',now(),'SYSTEM',now(),'SYSTEM');
INSERT INTO LETTCCMMNDETAILCODE(CODE_ID,CODE,CODE_NM,CODE_DC,USE_AT,FRST_REGIST_PNTTM,FRST_REGISTER_ID,LAST_UPDT_PNTTM,LAST_UPDUSR_ID) VALUES ('COM031','I3112','성별 실업자수','성별 실업자수','Y',now(),'SYSTEM',now(),'SYSTEM');
INSERT INTO LETTCCMMNDETAILCODE(CODE_ID,CODE,CODE_NM,CODE_DC,USE_AT,FRST_REGIST_PNTTM,FRST_REGISTER_ID,LAST_UPDT_PNTTM,LAST_UPDUSR_ID) VALUES ('COM031','I3113','연령별 실업자수','연령별 실업자수','Y',now(),'SYSTEM',now(),'SYSTEM');
INSERT INTO LETTCCMMNDETAILCODE(CODE_ID,CODE,CODE_NM,CODE_DC,USE_AT,FRST_REGIST_PNTTM,FRST_REGISTER_ID,LAST_UPDT_PNTTM,LAST_UPDUSR_ID) VALUES ('COM031','I3114','실업률(성별)','실업률(성별)','Y',now(),'SYSTEM',now(),'SYSTEM');
INSERT INTO LETTCCMMNDETAILCODE(CODE_ID,CODE,CODE_NM,CODE_DC,USE_AT,FRST_REGIST_PNTTM,FRST_REGISTER_ID,LAST_UPDT_PNTTM,LAST_UPDUSR_ID) VALUES ('COM031','I3115','실업률(연령별)','실업률(연령별)','Y',now(),'SYSTEM',now(),'SYSTEM');
INSERT INTO LETTCCMMNDETAILCODE(CODE_ID,CODE,CODE_NM,CODE_DC,USE_AT,FRST_REGIST_PNTTM,FRST_REGISTER_ID,LAST_UPDT_PNTTM,LAST_UPDUSR_ID) VALUES ('COM031','I3116','청년 실업률','청년 실업률','Y',now(),'SYSTEM',now(),'SYSTEM');
INSERT INTO LETTCCMMNDETAILCODE(CODE_ID,CODE,CODE_NM,CODE_DC,USE_AT,FRST_REGIST_PNTTM,FRST_REGISTER_ID,LAST_UPDT_PNTTM,LAST_UPDUSR_ID) VALUES ('COM031','I3117','비경제활동인구(연도별)','비경제활동인구(연도별)','Y',now(),'SYSTEM',now(),'SYSTEM');
INSERT INTO LETTCCMMNDETAILCODE(CODE_ID,CODE,CODE_NM,CODE_DC,USE_AT,FRST_REGIST_PNTTM,FRST_REGISTER_ID,LAST_UPDT_PNTTM,LAST_UPDUSR_ID) VALUES ('COM031','I3201','사업체 및 종사자수','사업체 및 종사자수','Y',now(),'SYSTEM',now(),'SYSTEM');
INSERT INTO LETTCCMMNDETAILCODE(CODE_ID,CODE,CODE_NM,CODE_DC,USE_AT,FRST_REGIST_PNTTM,FRST_REGISTER_ID,LAST_UPDT_PNTTM,LAST_UPDUSR_ID) VALUES ('COM031','I3202','조직형태별 사업체수, 종사자수','조직형태별 사업체수, 종사자수','Y',now(),'SYSTEM',now(),'SYSTEM');
INSERT INTO LETTCCMMNDETAILCODE(CODE_ID,CODE,CODE_NM,CODE_DC,USE_AT,FRST_REGIST_PNTTM,FRST_REGISTER_ID,LAST_UPDT_PNTTM,LAST_UPDUSR_ID) VALUES ('COM031','I3203','종사자규모별 사업체수, 종사자수','종사자규모별 사업체수, 종사자수','Y',now(),'SYSTEM',now(),'SYSTEM');
INSERT INTO LETTCCMMNDETAILCODE(CODE_ID,CODE,CODE_NM,CODE_DC,USE_AT,FRST_REGIST_PNTTM,FRST_REGISTER_ID,LAST_UPDT_PNTTM,LAST_UPDUSR_ID) VALUES ('COM031','I3204','종사상 지위별 종사자수','종사상 지위별 종사자수','Y',now(),'SYSTEM',now(),'SYSTEM');
INSERT INTO LETTCCMMNDETAILCODE(CODE_ID,CODE,CODE_NM,CODE_DC,USE_AT,FRST_REGIST_PNTTM,FRST_REGISTER_ID,LAST_UPDT_PNTTM,LAST_UPDUSR_ID) VALUES ('COM031','I3205','산업별 사업체수, 종사자수 및 매출액','산업별 사업체수, 종사자수 및 매출액','Y',now(),'SYSTEM',now(),'SYSTEM');
INSERT INTO LETTCCMMNDETAILCODE(CODE_ID,CODE,CODE_NM,CODE_DC,USE_AT,FRST_REGIST_PNTTM,FRST_REGISTER_ID,LAST_UPDT_PNTTM,LAST_UPDUSR_ID) VALUES ('COM031','I3206','시도 신설법인수','시도 신설법인수','Y',now(),'SYSTEM',now(),'SYSTEM');
INSERT INTO LETTCCMMNDETAILCODE(CODE_ID,CODE,CODE_NM,CODE_DC,USE_AT,FRST_REGIST_PNTTM,FRST_REGISTER_ID,LAST_UPDT_PNTTM,LAST_UPDUSR_ID) VALUES ('COM031','I3207','지역별, 폐업사유, 과세유형','지역별, 폐업사유, 과세유형','Y',now(),'SYSTEM',now(),'SYSTEM');
INSERT INTO LETTCCMMNDETAILCODE(CODE_ID,CODE,CODE_NM,CODE_DC,USE_AT,FRST_REGIST_PNTTM,FRST_REGISTER_ID,LAST_UPDT_PNTTM,LAST_UPDUSR_ID) VALUES ('COM031','I3220','취업자증감(입사자-퇴사자수, 시도, 업종)','취업자증감(입사자-퇴사자수, 시도, 업종)','Y',now(),'SYSTEM',now(),'SYSTEM');
INSERT INTO LETTCCMMNDETAILCODE(CODE_ID,CODE,CODE_NM,CODE_DC,USE_AT,FRST_REGIST_PNTTM,FRST_REGISTER_ID,LAST_UPDT_PNTTM,LAST_UPDUSR_ID) VALUES ('COM031','I3302','평균임금증감률','평균임금증감률','Y',now(),'SYSTEM',now(),'SYSTEM');
INSERT INTO LETTCCMMNDETAILCODE(CODE_ID,CODE,CODE_NM,CODE_DC,USE_AT,FRST_REGIST_PNTTM,FRST_REGISTER_ID,LAST_UPDT_PNTTM,LAST_UPDUSR_ID) VALUES ('COM031','I3305','정규직 근로자(근로자 수, 비율)','정규직 근로자(근로자 수, 비율)','Y',now(),'SYSTEM',now(),'SYSTEM');
INSERT INTO LETTCCMMNDETAILCODE(CODE_ID,CODE,CODE_NM,CODE_DC,USE_AT,FRST_REGIST_PNTTM,FRST_REGISTER_ID,LAST_UPDT_PNTTM,LAST_UPDUSR_ID) VALUES ('COM031','I3306','비정규직 근로자(근로자 수, 비율)','비정규직 근로자(근로자 수, 비율)','Y',now(),'SYSTEM',now(),'SYSTEM');
INSERT INTO LETTCCMMNDETAILCODE(CODE_ID,CODE,CODE_NM,CODE_DC,USE_AT,FRST_REGIST_PNTTM,FRST_REGISTER_ID,LAST_UPDT_PNTTM,LAST_UPDUSR_ID) VALUES ('COM031','I3308','사회보험가입률(연금/건강/고용보험, 시도)','사회보험가입률(연금/건강/고용보험, 시도)','Y',now(),'SYSTEM',now(),'SYSTEM');
INSERT INTO LETTCCMMNDETAILCODE(CODE_ID,CODE,CODE_NM,CODE_DC,USE_AT,FRST_REGIST_PNTTM,FRST_REGISTER_ID,LAST_UPDT_PNTTM,LAST_UPDUSR_ID) VALUES ('COM031','I3401','경제성장률','경제성장률','Y',now(),'SYSTEM',now(),'SYSTEM');
INSERT INTO LETTCCMMNDETAILCODE(CODE_ID,CODE,CODE_NM,CODE_DC,USE_AT,FRST_REGIST_PNTTM,FRST_REGISTER_ID,LAST_UPDT_PNTTM,LAST_UPDUSR_ID) VALUES ('COM031','I3402','지역내총생산 GRDP(시도)','지역내총생산 GRDP(시도)','Y',now(),'SYSTEM',now(),'SYSTEM');
INSERT INTO LETTCCMMNDETAILCODE(CODE_ID,CODE,CODE_NM,CODE_DC,USE_AT,FRST_REGIST_PNTTM,FRST_REGISTER_ID,LAST_UPDT_PNTTM,LAST_UPDUSR_ID) VALUES ('COM031','I3403','소비자물가지수','소비자물가지수','Y',now(),'SYSTEM',now(),'SYSTEM');
INSERT INTO LETTCCMMNDETAILCODE(CODE_ID,CODE,CODE_NM,CODE_DC,USE_AT,FRST_REGIST_PNTTM,FRST_REGISTER_ID,LAST_UPDT_PNTTM,LAST_UPDUSR_ID) VALUES ('COM031','I3404','생활물가지수','생활물가지수','Y',now(),'SYSTEM',now(),'SYSTEM');
INSERT INTO LETTCCMMNDETAILCODE(CODE_ID,CODE,CODE_NM,CODE_DC,USE_AT,FRST_REGIST_PNTTM,FRST_REGISTER_ID,LAST_UPDT_PNTTM,LAST_UPDUSR_ID) VALUES ('COM031','I3405','수출(FOB)','수출(FOB)','Y',now(),'SYSTEM',now(),'SYSTEM');
INSERT INTO LETTCCMMNDETAILCODE(CODE_ID,CODE,CODE_NM,CODE_DC,USE_AT,FRST_REGIST_PNTTM,FRST_REGISTER_ID,LAST_UPDT_PNTTM,LAST_UPDUSR_ID) VALUES ('COM031','I3406','수입(CIF)','수입(CIF)','Y',now(),'SYSTEM',now(),'SYSTEM');
INSERT INTO LETTCCMMNDETAILCODE(CODE_ID,CODE,CODE_NM,CODE_DC,USE_AT,FRST_REGIST_PNTTM,FRST_REGISTER_ID,LAST_UPDT_PNTTM,LAST_UPDUSR_ID) VALUES ('COM031','I3501','지니계수','지니계수','Y',now(),'SYSTEM',now(),'SYSTEM');
INSERT INTO LETTCCMMNDETAILCODE(CODE_ID,CODE,CODE_NM,CODE_DC,USE_AT,FRST_REGIST_PNTTM,FRST_REGISTER_ID,LAST_UPDT_PNTTM,LAST_UPDUSR_ID) VALUES ('COM031','I3502','상대적빈곤율(중위소득 50% 미만,%)','상대적빈곤율(중위소득 50% 미만,%)','Y',now(),'SYSTEM',now(),'SYSTEM');
INSERT INTO LETTCCMMNDETAILCODE(CODE_ID,CODE,CODE_NM,CODE_DC,USE_AT,FRST_REGIST_PNTTM,FRST_REGISTER_ID,LAST_UPDT_PNTTM,LAST_UPDUSR_ID) VALUES ('COM031','I3504','소득만족도','소득만족도','Y',now(),'SYSTEM',now(),'SYSTEM');
INSERT INTO LETTCCMMNDETAILCODE(CODE_ID,CODE,CODE_NM,CODE_DC,USE_AT,FRST_REGIST_PNTTM,FRST_REGISTER_ID,LAST_UPDT_PNTTM,LAST_UPDUSR_ID) VALUES ('COM031','I3507','삶에대한만족도(삶의 만족도)','삶에대한만족도(삶의 만족도)','Y',now(),'SYSTEM',now(),'SYSTEM');
INSERT INTO LETTCCMMNDETAILCODE(CODE_ID,CODE,CODE_NM,CODE_DC,USE_AT,FRST_REGIST_PNTTM,FRST_REGISTER_ID,LAST_UPDT_PNTTM,LAST_UPDUSR_ID) VALUES ('COM031','I4001','행정구역(시군구)별, 성별 인구수','행정구역(시군구)별, 성별 인구수','Y',now(),'SYSTEM',now(),'SYSTEM');
INSERT INTO LETTCCMMNDETAILCODE(CODE_ID,CODE,CODE_NM,CODE_DC,USE_AT,FRST_REGIST_PNTTM,FRST_REGISTER_ID,LAST_UPDT_PNTTM,LAST_UPDUSR_ID) VALUES ('COM031','I4002','성별 경제활동인구 총괄','성별 경제활동인구 총괄','Y',now(),'SYSTEM',now(),'SYSTEM');


-- OpenAPI Sample
INSERT INTO tn_openapi_info(	openapi_id, category, source_is, url, port, api_key, used_yn, create_date, create_user)	VALUES ('API_000000000000001','API90','워크넷구인자료수집','http://openapi.work.go.kr/opi/opi/opia/wantedApi.do','80','WNJCQWWNSBJ0Y7F16CGHU2VR1HK','Y',NOW(),'SYSTEM');
INSERT INTO tn_openapi_info(	openapi_id, category, source_is, url, port, api_key, used_yn, create_date, create_user)	VALUES ('API_000000000000002','API95','인크루트구인자료수집','https://cpapi.incruit.com/job','443','zNSIsImlwIjoiMTc1LjIwMy4xMjUuOTEiLCJ0aW1lc3RhbXAiOiIxNTMwNjA4NjM0ODA3In0.t7G1ydPxIP_swLylWf5IhGfvMh48YyHoSjWjLd-P_Kw','Y',NOW(),'SYSTEM');
INSERT INTO tn_openapi_info( openapi_id, category, source_is, url, port, api_key, used_yn, create_date, create_user) VALUES ('API_000000000000003','I2001','종사자규모별소득현황','http://kosis.kr/openapi/statisticsData.do?method=getList&apiKey=ZjYyZjdhNDVkZjFlYjU4YjcwZGExM2QyOGFmZjZkMTU=&format=json&jsonVD=Y&userStatsId=liberalis/101/DT_1EP_2002/2/1/20180906091519&prdSe=Y&newEstPrdCnt=1','80','ZjYyZjdhNDVkZjFlYjU4YjcwZGExM2QyOGFmZjZkMTU','Y','NOW()','SYSTEM');
INSERT INTO tn_openapi_info( openapi_id, category, source_is, url, port, api_key, used_yn, create_date, create_user) VALUES ('API_000000000000004','I2002','해당업종일자리추이','http://kosis.kr/openapi/statisticsData.do?method=getList&apiKey=ZjYyZjdhNDVkZjFlYjU4YjcwZGExM2QyOGFmZjZkMTU=&format=json&jsonVD=Y&userStatsId=liberalis/101/DT_1EP_1004/2/1/20180906092000&prdSe=Y&newEstPrdCnt=1','80','ZjYyZjdhNDVkZjFlYjU4YjcwZGExM2QyOGFmZjZkMTU','Y','NOW()','SYSTEM');
INSERT INTO tn_openapi_info( openapi_id, category, source_is, url, port, api_key, used_yn, create_date, create_user) VALUES ('API_000000000000005','I2003','업종별연령별평균소득현황','http://kosis.kr/openapi/statisticsData.do?method=getList&apiKey=ZjYyZjdhNDVkZjFlYjU4YjcwZGExM2QyOGFmZjZkMTU=&format=json&jsonVD=Y&userStatsId=liberalis/101/DT_1EP_2020/2/1/20180906092258&prdSe=Y&newEstPrdCnt=1','80','ZjYyZjdhNDVkZjFlYjU4YjcwZGExM2QyOGFmZjZkMTU','Y','NOW()','SYSTEM');
INSERT INTO tn_openapi_info( openapi_id, category, source_is, url, port, api_key, used_yn, create_date, create_user) VALUES ('API_000000000000006','I2004','업종별연령별중위소득현황','http://kosis.kr/openapi/statisticsData.do?method=getList&apiKey=ZjYyZjdhNDVkZjFlYjU4YjcwZGExM2QyOGFmZjZkMTU=&format=json&jsonVD=Y&userStatsId=liberalis/101/DT_1EP_2020/2/1/20180906092258&prdSe=Y&newEstPrdCnt=1','80','ZjYyZjdhNDVkZjFlYjU4YjcwZGExM2QyOGFmZjZkMTU','Y','NOW()','SYSTEM');
INSERT INTO tn_openapi_info( openapi_id, category, source_is, url, port, api_key, used_yn, create_date, create_user) VALUES ('API_000000000000007','I3101','행정구역(시군구)별 주민등록세대수','http://kosis.kr/openapi/statisticsData.do?method=getList&apiKey=ZjYyZjdhNDVkZjFlYjU4YjcwZGExM2QyOGFmZjZkMTU=&format=json&jsonVD=Y&userStatsId=liberalis/101/DT_1B040B3/2/1/20180824150208&prdSe=M&newEstPrdCnt=1','80','ZjYyZjdhNDVkZjFlYjU4YjcwZGExM2QyOGFmZjZkMTU','Y','NOW()','SYSTEM');
INSERT INTO tn_openapi_info( openapi_id, category, source_is, url, port, api_key, used_yn, create_date, create_user) VALUES ('API_000000000000008','I3102','시군구별 이동자수','http://kosis.kr/openapi/statisticsData.do?method=getList&apiKey=ZjYyZjdhNDVkZjFlYjU4YjcwZGExM2QyOGFmZjZkMTU=&format=json&jsonVD=Y&userStatsId=liberalis/101/DT_1B26001_A01/2/1/20180824150811&prdSe=M&newEstPrdCnt=1','80','ZjYyZjdhNDVkZjFlYjU4YjcwZGExM2QyOGFmZjZkMTU','Y','NOW()','SYSTEM');
INSERT INTO tn_openapi_info( openapi_id, category, source_is, url, port, api_key, used_yn, create_date, create_user) VALUES ('API_000000000000009','I3103','전출지/전입지(시도)별 이동자수','http://kosis.kr/openapi/statisticsData.do?method=getList&apiKey=ZjYyZjdhNDVkZjFlYjU4YjcwZGExM2QyOGFmZjZkMTU=&format=json&jsonVD=Y&userStatsId=liberalis/101/DT_1B26003_A01/2/1/20180824150721&prdSe=M&newEstPrdCnt=1','80','ZjYyZjdhNDVkZjFlYjU4YjcwZGExM2QyOGFmZjZkMTU','Y','NOW()','SYSTEM');
INSERT INTO tn_openapi_info( openapi_id, category, source_is, url, port, api_key, used_yn, create_date, create_user) VALUES ('API_000000000000010','I3104','취업자수','http://kosis.kr/openapi/statisticsData.do?method=getList&apiKey=ZjYyZjdhNDVkZjFlYjU4YjcwZGExM2QyOGFmZjZkMTU=&format=json&jsonVD=Y&userStatsId=liberalis/101/DT_1DA7030S/2/1/20180824142736&prdSe=M&newEstPrdCnt=1','80','ZjYyZjdhNDVkZjFlYjU4YjcwZGExM2QyOGFmZjZkMTU','Y','NOW()','SYSTEM');
INSERT INTO tn_openapi_info( openapi_id, category, source_is, url, port, api_key, used_yn, create_date, create_user) VALUES ('API_000000000000011','I3105','행정구역(시도)/연령별 취업자','http://kosis.kr/openapi/statisticsData.do?method=getList&apiKey=ZjYyZjdhNDVkZjFlYjU4YjcwZGExM2QyOGFmZjZkMTU=&format=json&jsonVD=Y&userStatsId=liberalis/101/DT_1DA7031S/2/1/20180824142834&prdSe=M&newEstPrdCnt=1','80','ZjYyZjdhNDVkZjFlYjU4YjcwZGExM2QyOGFmZjZkMTU','Y','NOW()','SYSTEM');
INSERT INTO tn_openapi_info( openapi_id, category, source_is, url, port, api_key, used_yn, create_date, create_user) VALUES ('API_000000000000012','I3106','행정구역(시도)/교육정도별 취업자','http://kosis.kr/openapi/statisticsData.do?method=getList&apiKey=ZjYyZjdhNDVkZjFlYjU4YjcwZGExM2QyOGFmZjZkMTU=&format=json&jsonVD=Y&userStatsId=liberalis/101/DT_1DA7032S/2/1/20180824142936&prdSe=M&newEstPrdCnt=1','80','ZjYyZjdhNDVkZjFlYjU4YjcwZGExM2QyOGFmZjZkMTU','Y','NOW()','SYSTEM');
INSERT INTO tn_openapi_info( openapi_id, category, source_is, url, port, api_key, used_yn, create_date, create_user) VALUES ('API_000000000000013','I3107','행정구역(시도)/종사상지위별 취업자','http://kosis.kr/openapi/statisticsData.do?method=getList&apiKey=ZjYyZjdhNDVkZjFlYjU4YjcwZGExM2QyOGFmZjZkMTU=&format=json&jsonVD=Y&userStatsId=liberalis/101/DT_1DA7035S/2/1/20180824143046&prdSe=M&newEstPrdCnt=1','80','ZjYyZjdhNDVkZjFlYjU4YjcwZGExM2QyOGFmZjZkMTU','Y','NOW()','SYSTEM');
INSERT INTO tn_openapi_info( openapi_id, category, source_is, url, port, api_key, used_yn, create_date, create_user) VALUES ('API_000000000000014','I3108','행정구역(시도)/취업시간별 취업자','http://kosis.kr/openapi/statisticsData.do?method=getList&apiKey=ZjYyZjdhNDVkZjFlYjU4YjcwZGExM2QyOGFmZjZkMTU=&format=json&jsonVD=Y&userStatsId=liberalis/101/DT_1DA7036S/2/1/20180824143135&prdSe=M&newEstPrdCnt=1','80','ZjYyZjdhNDVkZjFlYjU4YjcwZGExM2QyOGFmZjZkMTU','Y','NOW()','SYSTEM');
INSERT INTO tn_openapi_info( openapi_id, category, source_is, url, port, api_key, used_yn, create_date, create_user) VALUES ('API_000000000000015','I3109','행정구역(시도)/직업별 취업자','http://kosis.kr/openapi/statisticsData.do?method=getList&apiKey=ZjYyZjdhNDVkZjFlYjU4YjcwZGExM2QyOGFmZjZkMTU=&format=json&jsonVD=Y&userStatsId=liberalis/101/DT_1DA7E34S/2/1/20180824143540&prdSe=M&newEstPrdCnt=1','80','ZjYyZjdhNDVkZjFlYjU4YjcwZGExM2QyOGFmZjZkMTU','Y','NOW()','SYSTEM');
INSERT INTO tn_openapi_info( openapi_id, category, source_is, url, port, api_key, used_yn, create_date, create_user) VALUES ('API_000000000000016','I3110','행정구역(시도)/산업별 취업자','http://kosis.kr/openapi/statisticsData.do?method=getList&apiKey=ZjYyZjdhNDVkZjFlYjU4YjcwZGExM2QyOGFmZjZkMTU=&format=json&jsonVD=Y&userStatsId=liberalis/101/DT_1DA7E33S/2/1/20180824143508&prdSe=M&newEstPrdCnt=1','80','ZjYyZjdhNDVkZjFlYjU4YjcwZGExM2QyOGFmZjZkMTU','Y','NOW()','SYSTEM');
INSERT INTO tn_openapi_info( openapi_id, category, source_is, url, port, api_key, used_yn, create_date, create_user) VALUES ('API_000000000000017','I3111','고용률','http://kosis.kr/openapi/statisticsData.do?method=getList&apiKey=ZjYyZjdhNDVkZjFlYjU4YjcwZGExM2QyOGFmZjZkMTU=&format=json&jsonVD=Y&userStatsId=liberalis/101/DT_1DA7004S/2/1/20180824143757&prdSe=M&newEstPrdCnt=1','80','ZjYyZjdhNDVkZjFlYjU4YjcwZGExM2QyOGFmZjZkMTU','Y','NOW()','SYSTEM');
INSERT INTO tn_openapi_info( openapi_id, category, source_is, url, port, api_key, used_yn, create_date, create_user) VALUES ('API_000000000000018','I3112','성별 실업자수','http://kosis.kr/openapi/statisticsData.do?method=getList&apiKey=ZjYyZjdhNDVkZjFlYjU4YjcwZGExM2QyOGFmZjZkMTU=&format=json&jsonVD=Y&userStatsId=liberalis/101/DT_1DA7088S/2/1/20180824144705&prdSe=M&newEstPrdCnt=1','80','ZjYyZjdhNDVkZjFlYjU4YjcwZGExM2QyOGFmZjZkMTU','Y','NOW()','SYSTEM');
INSERT INTO tn_openapi_info( openapi_id, category, source_is, url, port, api_key, used_yn, create_date, create_user) VALUES ('API_000000000000019','I3113','연령별 실업자수','http://kosis.kr/openapi/statisticsData.do?method=getList&apiKey=ZjYyZjdhNDVkZjFlYjU4YjcwZGExM2QyOGFmZjZkMTU=&format=json&jsonVD=Y&userStatsId=liberalis/101/DT_1DA7095S/2/1/20180824144634&prdSe=Q&newEstPrdCnt=1','80','ZjYyZjdhNDVkZjFlYjU4YjcwZGExM2QyOGFmZjZkMTU','Y','NOW()','SYSTEM');
INSERT INTO tn_openapi_info( openapi_id, category, source_is, url, port, api_key, used_yn, create_date, create_user) VALUES ('API_000000000000020','I3114','실업률(성별)','http://kosis.kr/openapi/statisticsData.do?method=getList&apiKey=ZjYyZjdhNDVkZjFlYjU4YjcwZGExM2QyOGFmZjZkMTU=&format=json&jsonVD=Y&userStatsId=liberalis/101/DT_1DA7104S/2/1/20180824144345&prdSe=M&newEstPrdCnt=1','80','ZjYyZjdhNDVkZjFlYjU4YjcwZGExM2QyOGFmZjZkMTU','Y','NOW()','SYSTEM');
INSERT INTO tn_openapi_info( openapi_id, category, source_is, url, port, api_key, used_yn, create_date, create_user) VALUES ('API_000000000000021','I3115','실업률(연령별)','http://kosis.kr/openapi/statisticsData.do?method=getList&apiKey=ZjYyZjdhNDVkZjFlYjU4YjcwZGExM2QyOGFmZjZkMTU=&format=json&jsonVD=Y&userStatsId=liberalis/101/DT_1DA7107S/2/1/20180824144449&prdSe=Q&newEstPrdCnt=1','80','ZjYyZjdhNDVkZjFlYjU4YjcwZGExM2QyOGFmZjZkMTU','Y','NOW()','SYSTEM');
INSERT INTO tn_openapi_info( openapi_id, category, source_is, url, port, api_key, used_yn, create_date, create_user) VALUES ('API_000000000000022','I3116','청년 실업률','http://kosis.kr/openapi/statisticsData.do?method=getList&apiKey=ZjYyZjdhNDVkZjFlYjU4YjcwZGExM2QyOGFmZjZkMTU=&format=json&jsonVD=Y&userStatsId=liberalis/101/DT_1YL20531/2/1/20180824145514&prdSe=Q&newEstPrdCnt=1','80','ZjYyZjdhNDVkZjFlYjU4YjcwZGExM2QyOGFmZjZkMTU','Y','NOW()','SYSTEM');
INSERT INTO tn_openapi_info( openapi_id, category, source_is, url, port, api_key, used_yn, create_date, create_user) VALUES ('API_000000000000023','I3117','비경제활동인구(연도별)','http://kosis.kr/openapi/statisticsData.do?method=getList&apiKey=ZjYyZjdhNDVkZjFlYjU4YjcwZGExM2QyOGFmZjZkMTU=&format=json&jsonVD=Y&userStatsId=liberalis/101/DT_1DA7146S/2/1/20180824135419&prdSe=M&newEstPrdCnt=1','80','ZjYyZjdhNDVkZjFlYjU4YjcwZGExM2QyOGFmZjZkMTU','Y','NOW()','SYSTEM');
INSERT INTO tn_openapi_info( openapi_id, category, source_is, url, port, api_key, used_yn, create_date, create_user) VALUES ('API_000000000000024','I3201','사업체 및 종사자수','http://kosis.kr/openapi/statisticsData.do?method=getList&apiKey=ZjYyZjdhNDVkZjFlYjU4YjcwZGExM2QyOGFmZjZkMTU=&format=json&jsonVD=Y&userStatsId=liberalis/101/DT_1K52B01/2/1/20180824164625&prdSe=Y&newEstPrdCnt=1','80','ZjYyZjdhNDVkZjFlYjU4YjcwZGExM2QyOGFmZjZkMTU','Y','NOW()','SYSTEM');
INSERT INTO tn_openapi_info( openapi_id, category, source_is, url, port, api_key, used_yn, create_date, create_user) VALUES ('API_000000000000025','I3202','조직형태별 사업체수, 종사자수','http://kosis.kr/openapi/statisticsData.do?method=getList&apiKey=ZjYyZjdhNDVkZjFlYjU4YjcwZGExM2QyOGFmZjZkMTU=&format=json&jsonVD=Y&userStatsId=liberalis/101/DT_1K52B02/2/1/20180824164746&prdSe=Y&newEstPrdCnt=1','80','ZjYyZjdhNDVkZjFlYjU4YjcwZGExM2QyOGFmZjZkMTU','Y','NOW()','SYSTEM');
INSERT INTO tn_openapi_info( openapi_id, category, source_is, url, port, api_key, used_yn, create_date, create_user) VALUES ('API_000000000000026','I3203','종사자규모별 사업체수, 종사자수','http://kosis.kr/openapi/statisticsData.do?method=getList&apiKey=ZjYyZjdhNDVkZjFlYjU4YjcwZGExM2QyOGFmZjZkMTU=&format=json&jsonVD=Y&userStatsId=liberalis/101/DT_1K52B03/2/1/20180824164820&prdSe=Y&newEstPrdCnt=1','80','ZjYyZjdhNDVkZjFlYjU4YjcwZGExM2QyOGFmZjZkMTU','Y','NOW()','SYSTEM');
INSERT INTO tn_openapi_info( openapi_id, category, source_is, url, port, api_key, used_yn, create_date, create_user) VALUES ('API_000000000000027','I3204','종사상 지위별 종사자수','http://kosis.kr/openapi/statisticsData.do?method=getList&apiKey=ZjYyZjdhNDVkZjFlYjU4YjcwZGExM2QyOGFmZjZkMTU=&format=json&jsonVD=Y&userStatsId=liberalis/101/DT_1K52B04/2/1/20180824164844&prdSe=Y&newEstPrdCnt=1','80','ZjYyZjdhNDVkZjFlYjU4YjcwZGExM2QyOGFmZjZkMTU','Y','NOW()','SYSTEM');
INSERT INTO tn_openapi_info( openapi_id, category, source_is, url, port, api_key, used_yn, create_date, create_user) VALUES ('API_000000000000028','I3205','산업별 사업체수, 종사자수 및 매출액','http://kosis.kr/openapi/statisticsData.do?method=getList&apiKey=ZjYyZjdhNDVkZjFlYjU4YjcwZGExM2QyOGFmZjZkMTU=&format=json&jsonVD=Y&userStatsId=liberalis/101/DT_1K52B08/2/1/20180824164907&prdSe=Y&newEstPrdCnt=1','80','ZjYyZjdhNDVkZjFlYjU4YjcwZGExM2QyOGFmZjZkMTU','Y','NOW()','SYSTEM');
INSERT INTO tn_openapi_info( openapi_id, category, source_is, url, port, api_key, used_yn, create_date, create_user) VALUES ('API_000000000000029','I3206','시도 신설법인수','http://kosis.kr/openapi/statisticsData.do?method=getList&apiKey=ZjYyZjdhNDVkZjFlYjU4YjcwZGExM2QyOGFmZjZkMTU=&format=json&jsonVD=Y&userStatsId=liberalis/142/DT_142N_A10251_A/2/1/20180824170052&prdSe=M&newEstPrdCnt=1','80','ZjYyZjdhNDVkZjFlYjU4YjcwZGExM2QyOGFmZjZkMTU','Y','NOW()','SYSTEM');
INSERT INTO tn_openapi_info( openapi_id, category, source_is, url, port, api_key, used_yn, create_date, create_user) VALUES ('API_000000000000030','I3207','지역별, 폐업사유, 과세유형','http://kosis.kr/openapi/statisticsData.do?method=getList&apiKey=ZjYyZjdhNDVkZjFlYjU4YjcwZGExM2QyOGFmZjZkMTU=&format=json&jsonVD=Y&userStatsId=liberalis/133/DT_133001N_9816/2/1/20180906085734&prdSe=Y&newEstPrdCnt=1','80','ZjYyZjdhNDVkZjFlYjU4YjcwZGExM2QyOGFmZjZkMTU','Y','NOW()','SYSTEM');
INSERT INTO tn_openapi_info( openapi_id, category, source_is, url, port, api_key, used_yn, create_date, create_user) VALUES ('API_000000000000031','I3220','취업자증감(입사자-퇴사자수, 시도, 업종)','http://kosis.kr/openapi/statisticsData.do?method=getList&apiKey=ZjYyZjdhNDVkZjFlYjU4YjcwZGExM2QyOGFmZjZkMTU=&format=json&jsonVD=Y&userStatsId=liberalis/101/DT_1YL20541/2/1/20190319094154&prdSe=M&newEstPrdCnt=1','80','ZjYyZjdhNDVkZjFlYjU4YjcwZGExM2QyOGFmZjZkMTU','Y','NOW()','SYSTEM');
INSERT INTO tn_openapi_info( openapi_id, category, source_is, url, port, api_key, used_yn, create_date, create_user) VALUES ('API_000000000000032','I3302','평균임금증감률','http://kosis.kr/openapi/statisticsData.do?method=getList&apiKey=ZjYyZjdhNDVkZjFlYjU4YjcwZGExM2QyOGFmZjZkMTU=&format=json&jsonVD=Y&userStatsId=liberalis/101/DT_1DE7082S/2/1/20180824171148&prdSe=M&newEstPrdCnt=1','80','ZjYyZjdhNDVkZjFlYjU4YjcwZGExM2QyOGFmZjZkMTU','Y','NOW()','SYSTEM');
INSERT INTO tn_openapi_info( openapi_id, category, source_is, url, port, api_key, used_yn, create_date, create_user) VALUES ('API_000000000000033','I3305','정규직 근로자(근로자 수, 비율)','http://kosis.kr/openapi/statisticsData.do?method=getList&apiKey=ZjYyZjdhNDVkZjFlYjU4YjcwZGExM2QyOGFmZjZkMTU=&format=json&jsonVD=Y&userStatsId=liberalis/101/DT_1DE7045S/2/1/20180824171337&prdSe=M&newEstPrdCnt=1','80','ZjYyZjdhNDVkZjFlYjU4YjcwZGExM2QyOGFmZjZkMTU','Y','NOW()','SYSTEM');
INSERT INTO tn_openapi_info( openapi_id, category, source_is, url, port, api_key, used_yn, create_date, create_user) VALUES ('API_000000000000034','I3306','비정규직 근로자(근로자 수, 비율)','http://kosis.kr/openapi/statisticsData.do?method=getList&apiKey=ZjYyZjdhNDVkZjFlYjU4YjcwZGExM2QyOGFmZjZkMTU=&format=json&jsonVD=Y&userStatsId=liberalis/101/DT_1DE7045S/2/1/20180824171337&prdSe=M&newEstPrdCnt=1','80','ZjYyZjdhNDVkZjFlYjU4YjcwZGExM2QyOGFmZjZkMTU','Y','NOW()','SYSTEM');
INSERT INTO tn_openapi_info( openapi_id, category, source_is, url, port, api_key, used_yn, create_date, create_user) VALUES ('API_000000000000035','I3308','사회보험가입률(연금/건강/고용보험, 시도)','http://kosis.kr/openapi/statisticsData.do?method=getList&apiKey=ZjYyZjdhNDVkZjFlYjU4YjcwZGExM2QyOGFmZjZkMTU=&format=json&jsonVD=Y&userStatsId=liberalis/101/DT_1DE7081S/2/1/20180824171718&prdSe=M&newEstPrdCnt=1','80','ZjYyZjdhNDVkZjFlYjU4YjcwZGExM2QyOGFmZjZkMTU','Y','NOW()','SYSTEM');
INSERT INTO tn_openapi_info( openapi_id, category, source_is, url, port, api_key, used_yn, create_date, create_user) VALUES ('API_000000000000036','I3401','경제성장률','http://kosis.kr/openapi/statisticsData.do?method=getList&apiKey=ZjYyZjdhNDVkZjFlYjU4YjcwZGExM2QyOGFmZjZkMTU=&format=json&jsonVD=Y&userStatsId=liberalis/101/DT_1YL20571/2/1/20180827155745&prdSe=Y&newEstPrdCnt=1','80','ZjYyZjdhNDVkZjFlYjU4YjcwZGExM2QyOGFmZjZkMTU','Y','NOW()','SYSTEM');
INSERT INTO tn_openapi_info( openapi_id, category, source_is, url, port, api_key, used_yn, create_date, create_user) VALUES ('API_000000000000037','I3402','지역내총생산 GRDP(시도)','http://kosis.kr/openapi/statisticsData.do?method=getList&apiKey=ZjYyZjdhNDVkZjFlYjU4YjcwZGExM2QyOGFmZjZkMTU=&format=json&jsonVD=Y&userStatsId=liberalis/101/DT_1C61/2/1/20180824172840&prdSe=Y&newEstPrdCnt=1','80','ZjYyZjdhNDVkZjFlYjU4YjcwZGExM2QyOGFmZjZkMTU','Y','NOW()','SYSTEM');
INSERT INTO tn_openapi_info( openapi_id, category, source_is, url, port, api_key, used_yn, create_date, create_user) VALUES ('API_000000000000038','I3403','소비자물가지수','http://kosis.kr/openapi/statisticsData.do?method=getList&apiKey=ZjYyZjdhNDVkZjFlYjU4YjcwZGExM2QyOGFmZjZkMTU=&format=json&jsonVD=Y&userStatsId=liberalis/101/DT_1J17001/2/1/20190313082052&prdSe=M&newEstPrdCnt=1','80','ZjYyZjdhNDVkZjFlYjU4YjcwZGExM2QyOGFmZjZkMTU','Y','NOW()','SYSTEM');
INSERT INTO tn_openapi_info( openapi_id, category, source_is, url, port, api_key, used_yn, create_date, create_user) VALUES ('API_000000000000039','I3404','생활물가지수','http://kosis.kr/openapi/statisticsData.do?method=getList&apiKey=ZjYyZjdhNDVkZjFlYjU4YjcwZGExM2QyOGFmZjZkMTU=&format=json&jsonVD=Y&userStatsId=liberalis/101/DT_1J17005/2/1/20190125085603&prdSe=M&newEstPrdCnt=1','80','ZjYyZjdhNDVkZjFlYjU4YjcwZGExM2QyOGFmZjZkMTU','Y','NOW()','SYSTEM');
INSERT INTO tn_openapi_info( openapi_id, category, source_is, url, port, api_key, used_yn, create_date, create_user) VALUES ('API_000000000000040','I3405','수출(FOB)','http://kosis.kr/openapi/statisticsData.do?method=getList&apiKey=ZjYyZjdhNDVkZjFlYjU4YjcwZGExM2QyOGFmZjZkMTU=&format=json&jsonVD=Y&userStatsId=liberalis/101/DT_1YL20591/2/1/20180827174246&prdSe=M&newEstPrdCnt=1','80','ZjYyZjdhNDVkZjFlYjU4YjcwZGExM2QyOGFmZjZkMTU','Y','NOW()','SYSTEM');
INSERT INTO tn_openapi_info( openapi_id, category, source_is, url, port, api_key, used_yn, create_date, create_user) VALUES ('API_000000000000041','I3406','수입(CIF)','http://kosis.kr/openapi/statisticsData.do?method=getList&apiKey=ZjYyZjdhNDVkZjFlYjU4YjcwZGExM2QyOGFmZjZkMTU=&format=json&jsonVD=Y&userStatsId=liberalis/101/DT_1YL20591/2/1/20180827174246&prdSe=M&newEstPrdCnt=1','80','ZjYyZjdhNDVkZjFlYjU4YjcwZGExM2QyOGFmZjZkMTU','Y','NOW()','SYSTEM');
INSERT INTO tn_openapi_info( openapi_id, category, source_is, url, port, api_key, used_yn, create_date, create_user) VALUES ('API_000000000000042','I3501','지니계수','http://kosis.kr/openapi/statisticsData.do?method=getList&apiKey=ZjYyZjdhNDVkZjFlYjU4YjcwZGExM2QyOGFmZjZkMTU=&format=json&jsonVD=Y&userStatsId=liberalis/101/DT_1L6E003/2/1/20180824174435&prdSe=Y&newEstPrdCnt=1','80','ZjYyZjdhNDVkZjFlYjU4YjcwZGExM2QyOGFmZjZkMTU','Y','NOW()','SYSTEM');
INSERT INTO tn_openapi_info( openapi_id, category, source_is, url, port, api_key, used_yn, create_date, create_user) VALUES ('API_000000000000043','I3502','상대적빈곤율(중위소득 50% 미만,%)','http://kosis.kr/openapi/statisticsData.do?method=getList&apiKey=ZjYyZjdhNDVkZjFlYjU4YjcwZGExM2QyOGFmZjZkMTU=&format=json&jsonVD=Y&userStatsId=liberalis/101/DT_1L6E003/2/1/20180824174435&prdSe=Y&newEstPrdCnt=1','80','ZjYyZjdhNDVkZjFlYjU4YjcwZGExM2QyOGFmZjZkMTU','Y','NOW()','SYSTEM');
INSERT INTO tn_openapi_info( openapi_id, category, source_is, url, port, api_key, used_yn, create_date, create_user) VALUES ('API_000000000000044','I3504','소득만족도','http://kosis.kr/openapi/statisticsData.do?method=getList&apiKey=ZjYyZjdhNDVkZjFlYjU4YjcwZGExM2QyOGFmZjZkMTU=&format=json&jsonVD=Y&userStatsId=liberalis/101/DT_1YL20081/2/1/20180824180105&prdSe=Y&newEstPrdCnt=1','80','ZjYyZjdhNDVkZjFlYjU4YjcwZGExM2QyOGFmZjZkMTU','Y','NOW()','SYSTEM');
INSERT INTO tn_openapi_info( openapi_id, category, source_is, url, port, api_key, used_yn, create_date, create_user) VALUES ('API_000000000000045','I3507','삶에대한만족도(삶의 만족도)','http://kosis.kr/openapi/statisticsData.do?method=getList&apiKey=ZjYyZjdhNDVkZjFlYjU4YjcwZGExM2QyOGFmZjZkMTU=&format=json&jsonVD=Y&userStatsId=liberalis/101/DT_1TM9013Y/2/1/20180824175919&prdSe=Y&newEstPrdCnt=1','80','ZjYyZjdhNDVkZjFlYjU4YjcwZGExM2QyOGFmZjZkMTU','Y','NOW()','SYSTEM');
INSERT INTO tn_openapi_info( openapi_id, category, source_is, url, port, api_key, used_yn, create_date, create_user) VALUES ('API_000000000000046','I4001','행정구역(시군구)별, 성별 인구수','http://kosis.kr/openapi/statisticsData.do?method=getList&apiKey=ZjYyZjdhNDVkZjFlYjU4YjcwZGExM2QyOGFmZjZkMTU=&format=json&jsonVD=Y&userStatsId=liberalis/101/DT_1B040A3/2/1/20181206085503&prdSe=M&newEstPrdCnt=1','80','ZjYyZjdhNDVkZjFlYjU4YjcwZGExM2QyOGFmZjZkMTU','Y','NOW()','SYSTEM');
INSERT INTO tn_openapi_info( openapi_id, category, source_is, url, port, api_key, used_yn, create_date, create_user) VALUES ('API_000000000000047','I4002','성별 경제활동인구 총괄','http://kosis.kr/openapi/statisticsData.do?method=getList&apiKey=ZjYyZjdhNDVkZjFlYjU4YjcwZGExM2QyOGFmZjZkMTU=&format=json&jsonVD=Y&userStatsId=liberalis/101/DT_1DA7001S/2/1/20181206090749&prdSe=M&newEstPrdCnt=1','80','ZjYyZjdhNDVkZjFlYjU4YjcwZGExM2QyOGFmZjZkMTU','Y','NOW()','SYSTEM');